<?xml version="1.0" encoding="UTF-8"?>
<!DOCTYPE mapper PUBLIC "-//mybatis.org//DTD Mapper 3.0//EN" "http://mybatis.org/dtd/mybatis-3-mapper.dtd">
<mapper namespace="cc.mrbird.job.dao.JobLogMapper">
  <resultMap id="BaseResultMap" type="cc.mrbird.job.domain.JobLog">
    <!--
      WARNING - @mbg.generated
    -->
    <id column="LOG_ID" jdbcType="DECIMAL" property="logId" />
    <result column="JOB_ID" jdbcType="DECIMAL" property="jobId" />
    <result column="BEAN_NAME" jdbcType="VARCHAR" property="beanName" />
    <result column="METHOD_NAME" jdbcType="VARCHAR" property="methodName" />
    <result column="PARAMS" jdbcType="VARCHAR" property="params" />
    <result column="STATUS" jdbcType="CHAR" property="status" />
    <result column="ERROR" jdbcType="VARCHAR" property="error" />
    <result column="TIMES" jdbcType="DECIMAL" property="times" />
    <result column="CREATE_TIME" jdbcType="TIMESTAMP" property="createTime" />
  </resultMap>
</mapper>